job_title,company,location,description
Data Analyst,BankSecure,New Delhi,"Join BankSecure as a Data Analyst and help drive data-informed decisions. Required skills: Python scripting, building dashboards in Power BI, Tableau dashboard creation, proficient in SQL. This is a great opportunity to grow your analytics career."
Senior Data Analyst,ShopEasy,Kolkata,We are looking for a Senior Data Analyst to join our growing analytics team. Required skills: advanced Excel skills. This is a great opportunity to grow your analytics career.
Senior Data Analyst,PrimeRetail,BANGALORE,"Join PrimeRetail as a Senior Data Analyst and help drive data-informed decisions. Required skills: MS Excel proficiency, hands-on Python experience, experience with Tableau, strong SQL skills, Power BI dashboards. Strong analytical and communication skills are a must."
Data Analyst II,DataWorks,Hyderabad,"DataWorks is hiring a Data Analyst II for our data team. Required skills: Power BI dashboards, advanced SQL required, MS Excel proficiency. This is a great opportunity to grow your analytics career."
Data Analyst II,RetailPlus,PUNE,"Join RetailPlus as a Data Analyst II and help drive data-informed decisions. Required skills: building dashboards in Power BI, SQL and database querying, Tableau dashboard creation, hands-on Python experience, MS Excel proficiency. This is a great opportunity to grow your analytics career."
Data Analyst II,PrimeRetail,Bangalore,"Exciting opportunity for a Data Analyst II at PrimeRetail. Required skills: Python scripting, strong SQL skills, building dashboards in Power BI. This is a great opportunity to grow your analytics career."
Junior Data Analyst,PrimeRetail,Mumbai ,"PrimeRetail seeks a motivated Junior Data Analyst to support business reporting. Required skills: Power BI reporting experience, hands-on Python experience, experience with Tableau. Strong analytical and communication skills are a must."
Associate Data Analyst,ShopEasy,,"ShopEasy is hiring a Associate Data Analyst for our data team. Required skills: hands-on Python experience, Tableau dashboard creation, SQL and database querying, building dashboards in Power BI. Prior experience in a similar role is preferred."
Junior Data Analyst,CloudWave,Mumbai,"CloudWave is hiring a Junior Data Analyst for our data team. Required skills: proficient in SQL, Tableau dashboard creation. Candidates should be comfortable working with large datasets."
Senior Data Analyst,HealthCorp,Hyderabad,"Join HealthCorp as a Senior Data Analyst and help drive data-informed decisions. Required skills: building dashboards in Power BI, Excel for reporting, strong SQL skills, Python scripting."
Data Analyst I,DataWorks,Hyderabad,"DataWorks seeks a motivated Data Analyst I to support business reporting. Required skills: SQL and database querying, Python for data analysis, Tableau dashboard creation, Power BI dashboards, MS Excel proficiency. This is a great opportunity to grow your analytics career."
Junior Data Analyst,AutoParts,Mumbai ,"AutoParts seeks a motivated Junior Data Analyst to support business reporting. Required skills: Python scripting, Tableau visualization skills, building dashboards in Power BI, proficient in SQL. Prior experience in a similar role is preferred."
Data Analyst II,EduTech,PUNE,"EduTech seeks a motivated Data Analyst II to support business reporting. Required skills: Excel for reporting, Tableau dashboard creation, Python (pandas) knowledge, Power BI dashboards. This is a great opportunity to grow your analytics career."
Senior Data Analyst,BankSecure,Bangalore,"BankSecure seeks a motivated Senior Data Analyst to support business reporting. Required skills: experience with Tableau, Python scripting. Strong analytical and communication skills are a must."
Junior Data Analyst,MarketMinds,Kolkata,"MarketMinds is hiring a Junior Data Analyst for our data team. Required skills: strong SQL skills, Python (pandas) knowledge. Prior experience in a similar role is preferred."
Data Analyst II,GreenEnergy, Bangalore,"GreenEnergy seeks a motivated Data Analyst II to support business reporting. Required skills: SQL and database querying, Power BI dashboards, MS Excel proficiency, Tableau visualization skills. Prior experience in a similar role is preferred."
Junior Data Analyst,AutoParts,hyderabad,"AutoParts is hiring a Junior Data Analyst for our data team. Required skills: experience with Tableau, advanced Excel skills, Power BI dashboards. Candidates should be comfortable working with large datasets."
Associate Data Analyst,AutoParts,pune,AutoParts seeks a motivated Associate Data Analyst to support business reporting. Required skills: Tableau visualization skills. Prior experience in a similar role is preferred.
Junior Data Analyst,LogiTrack,hyderabad,LogiTrack seeks a motivated Junior Data Analyst to support business reporting. Required skills: Python (pandas) knowledge.
Associate Data Analyst,EduTech,kolkata,"Join EduTech as a Associate Data Analyst and help drive data-informed decisions. Required skills: hands-on Python experience, Power BI reporting experience, experience with Tableau, advanced Excel skills. Strong analytical and communication skills are a must."
Data Analyst I,MarketMinds,MUMBAI,"Join MarketMinds as a Data Analyst I and help drive data-informed decisions. Required skills: Tableau visualization skills, hands-on Python experience, Power BI dashboards, advanced Excel skills."
Data Analyst II,BankSecure,hyderabad,
Data Analyst II,CloudWave, Hyderabad,"Exciting opportunity for a Data Analyst II at CloudWave. Required skills: Python scripting, proficient in SQL, Power BI reporting experience, experience with Tableau. Candidates should be comfortable working with large datasets."
Senior Data Analyst,DataWorks,Chennai,"Exciting opportunity for a Senior Data Analyst at DataWorks. Required skills: Python (pandas) knowledge, Tableau visualization skills, advanced Excel skills, Power BI reporting experience. Prior experience in a similar role is preferred."
Data Analyst I,CloudWave,BANGALORE,"CloudWave is hiring a Data Analyst I for our data team. Required skills: hands-on Python experience, advanced Excel skills, building dashboards in Power BI. Prior experience in a similar role is preferred."
Senior Data Analyst,DataWorks,mumbai,"Join DataWorks as a Senior Data Analyst and help drive data-informed decisions. Required skills: experience with Tableau, Excel for reporting, Power BI reporting experience, Python (pandas) knowledge. Strong analytical and communication skills are a must."
Senior Data Analyst,RetailPlus,Pune,"Exciting opportunity for a Senior Data Analyst at RetailPlus. Required skills: SQL and database querying, advanced Excel skills, Python (pandas) knowledge. Strong analytical and communication skills are a must."
Associate Data Analyst,AutoParts, Delhi,"AutoParts seeks a motivated Associate Data Analyst to support business reporting. Required skills: Python for data analysis, Tableau dashboard creation, building dashboards in Power BI. Strong analytical and communication skills are a must."
Senior Data Analyst,RetailPlus,kolkata,"RetailPlus is hiring a Senior Data Analyst for our data team. Required skills: Power BI dashboards, hands-on Python experience, Excel expertise. This is a great opportunity to grow your analytics career."
Business Data Analyst,MarketMinds,Pune,"MarketMinds seeks a motivated Business Data Analyst to support business reporting. Required skills: advanced SQL required, experience with Tableau, Power BI reporting experience, Excel for reporting. Candidates should be comfortable working with large datasets."
Data Analyst I,BankSecure,kolkata,"Exciting opportunity for a Data Analyst I at BankSecure. Required skills: building dashboards in Power BI, advanced SQL required, experience with Tableau. Prior experience in a similar role is preferred."
Senior Data Analyst,LogiTrack,Pune,"We are looking for a Senior Data Analyst to join our growing analytics team. Required skills: Power BI dashboards, hands-on Python experience, Excel for reporting, proficient in SQL. Strong analytical and communication skills are a must."
Data Analyst II,ShopEasy,pune,"We are looking for a Data Analyst II to join our growing analytics team. Required skills: advanced Excel skills, SQL and database querying, Power BI dashboards, hands-on Python experience. This is a great opportunity to grow your analytics career."
Junior Data Analyst,HealthCorp,mumbai,"Join HealthCorp as a Junior Data Analyst and help drive data-informed decisions. Required skills: Python for data analysis, Excel for reporting, Power BI dashboards, Tableau dashboard creation, advanced SQL required. Strong analytical and communication skills are a must."
Data Analyst,GreenEnergy,,"GreenEnergy seeks a motivated Data Analyst to support business reporting. Required skills: strong SQL skills, Python scripting, Excel expertise, experience with Tableau. Strong analytical and communication skills are a must."
Data Analyst,HealthCorp, Bangalore,"HealthCorp seeks a motivated Data Analyst to support business reporting. Required skills: Power BI dashboards, proficient in SQL, MS Excel proficiency. Candidates should be comfortable working with large datasets."
Business Data Analyst,SwiftLogistics, Hyderabad,"Join SwiftLogistics as a Business Data Analyst and help drive data-informed decisions. Required skills: building dashboards in Power BI, MS Excel proficiency, experience with Tableau, Python for data analysis."
Data Analyst,MarketMinds,Hyderabad,"MarketMinds seeks a motivated Data Analyst to support business reporting. Required skills: MS Excel proficiency, advanced SQL required, Power BI reporting experience, Python for data analysis, Tableau dashboard creation."
Senior Data Analyst,,pune,"CloudWave is hiring a Senior Data Analyst for our data team. Required skills: SQL and database querying, Tableau visualization skills, Power BI dashboards, Excel expertise. Strong analytical and communication skills are a must."
Associate Data Analyst,CloudWave,Mumbai ,"Join CloudWave as a Associate Data Analyst and help drive data-informed decisions. Required skills: Power BI dashboards, Excel for reporting, Tableau visualization skills. Candidates should be comfortable working with large datasets."
Data Analyst I,SwiftLogistics,pune,"Exciting opportunity for a Data Analyst I at SwiftLogistics. Required skills: experience with Tableau, Power BI reporting experience, advanced SQL required, MS Excel proficiency. Candidates should be comfortable working with large datasets."
Senior Data Analyst,GreenEnergy,pune,"Join GreenEnergy as a Senior Data Analyst and help drive data-informed decisions. Required skills: Excel expertise, advanced SQL required, building dashboards in Power BI, experience with Tableau."
Junior Data Analyst,PrimeRetail,Mumbai ,"PrimeRetail seeks a motivated Junior Data Analyst to support business reporting. Required skills: Power BI reporting experience, hands-on Python experience, experience with Tableau. Strong analytical and communication skills are a must."
Business Data Analyst,EduTech,Pune,"Exciting opportunity for a Business Data Analyst at EduTech. Required skills: Tableau dashboard creation, Python (pandas) knowledge, Excel for reporting, Power BI reporting experience."
Associate Data Analyst,HealthCorp,MUMBAI,"HealthCorp is hiring a Associate Data Analyst for our data team. Required skills: building dashboards in Power BI, advanced Excel skills, SQL and database querying, hands-on Python experience."
Data Analyst,ShopEasy,pune,"We are looking for a Data Analyst to join our growing analytics team. Required skills: Python (pandas) knowledge, SQL and database querying, Tableau dashboard creation, Power BI dashboards. Candidates should be comfortable working with large datasets."
Business Data Analyst,MarketMinds,bangalore,"We are looking for a Business Data Analyst to join our growing analytics team. Required skills: strong SQL skills, advanced Excel skills, building dashboards in Power BI. Prior experience in a similar role is preferred."
Junior Data Analyst,TechNova,,"Join TechNova as a Junior Data Analyst and help drive data-informed decisions. Required skills: Power BI dashboards, Python (pandas) knowledge."
Data Analyst,GreenEnergy,Chennai,"GreenEnergy seeks a motivated Data Analyst to support business reporting. Required skills: SQL and database querying, Tableau dashboard creation, Excel for reporting. Candidates should be comfortable working with large datasets."
Associate Data Analyst,MarketMinds,MUMBAI,"MarketMinds is hiring a Associate Data Analyst for our data team. Required skills: Power BI dashboards, strong SQL skills, advanced Excel skills. Candidates should be comfortable working with large datasets."
Business Data Analyst,MarketMinds,BANGALORE,
Data Analyst,CloudWave,Mumbai,"Exciting opportunity for a Data Analyst at CloudWave. Required skills: Excel expertise, hands-on Python experience, strong SQL skills, Power BI dashboards, Tableau dashboard creation. Prior experience in a similar role is preferred."
Data Analyst I,AutoParts,kolkata,
Junior Data Analyst,PrimeRetail,Bengaluru,"PrimeRetail is hiring a Junior Data Analyst for our data team. Required skills: MS Excel proficiency, Python scripting, proficient in SQL. Candidates should be comfortable working with large datasets."
Associate Data Analyst,AutoParts,pune,AutoParts seeks a motivated Associate Data Analyst to support business reporting. Required skills: Tableau visualization skills. Prior experience in a similar role is preferred.
Data Analyst II,RetailPlus,bangalore,"RetailPlus seeks a motivated Data Analyst II to support business reporting. Required skills: Python scripting, strong SQL skills. Strong analytical and communication skills are a must."
Data Analyst II,MarketMinds,MUMBAI,"MarketMinds seeks a motivated Data Analyst II to support business reporting. Required skills: SQL and database querying, Excel expertise, experience with Tableau. Candidates should be comfortable working with large datasets."
Business Data Analyst,FinEdge, Bangalore,"Join FinEdge as a Business Data Analyst and help drive data-informed decisions. Required skills: advanced Excel skills, strong SQL skills, hands-on Python experience."
Data Analyst I,AutoParts,Bangalore,
Business Data Analyst,ShopEasy,mumbai,"Exciting opportunity for a Business Data Analyst at ShopEasy. Required skills: experience with Tableau, hands-on Python experience. This is a great opportunity to grow your analytics career."
Data Analyst I,RetailPlus,New Delhi,"RetailPlus is hiring a Data Analyst I for our data team. Required skills: experience with Tableau, strong SQL skills, Power BI dashboards, Python for data analysis. Strong analytical and communication skills are a must."
Data Analyst II,RetailPlus,Chennai,"RetailPlus seeks a motivated Data Analyst II to support business reporting. Required skills: Python (pandas) knowledge, Power BI reporting experience, experience with Tableau, strong SQL skills, Excel for reporting. Candidates should be comfortable working with large datasets."
Junior Data Analyst,ShopEasy,BANGALORE,"ShopEasy seeks a motivated Junior Data Analyst to support business reporting. Required skills: strong SQL skills, Tableau visualization skills, building dashboards in Power BI, Python for data analysis, MS Excel proficiency."
Data Analyst,ShopEasy,Bangalore,"ShopEasy is hiring a Data Analyst for our data team. Required skills: Tableau visualization skills, strong SQL skills, Python (pandas) knowledge. Strong analytical and communication skills are a must."
Business Data Analyst,FinEdge,BANGALORE,"We are looking for a Business Data Analyst to join our growing analytics team. Required skills: experience with Tableau, strong SQL skills, Power BI dashboards, Python (pandas) knowledge, Excel for reporting. This is a great opportunity to grow your analytics career."
Associate Data Analyst,TechNova,bangalore,"TechNova is hiring a Associate Data Analyst for our data team. Required skills: Python (pandas) knowledge, Power BI dashboards. Prior experience in a similar role is preferred."
Associate Data Analyst,HealthCorp,Kolkata,"HealthCorp seeks a motivated Associate Data Analyst to support business reporting. Required skills: proficient in SQL, building dashboards in Power BI, Python (pandas) knowledge, Excel for reporting, Tableau visualization skills. Strong analytical and communication skills are a must."
Associate Data Analyst,DataWorks, Bangalore,"DataWorks seeks a motivated Associate Data Analyst to support business reporting. Required skills: Tableau visualization skills, Excel expertise, Power BI reporting experience, proficient in SQL. Candidates should be comfortable working with large datasets."
Data Analyst,BankSecure, Hyderabad,"BankSecure is hiring a Data Analyst for our data team. Required skills: Python (pandas) knowledge, advanced Excel skills, proficient in SQL, building dashboards in Power BI. This is a great opportunity to grow your analytics career."
Junior Data Analyst,CloudWave,Hyderabad,"Join CloudWave as a Junior Data Analyst and help drive data-informed decisions. Required skills: Tableau dashboard creation, Power BI reporting experience, Python scripting. Strong analytical and communication skills are a must."
Data Analyst I,DataWorks,BANGALORE,"DataWorks is hiring a Data Analyst I for our data team. Required skills: Tableau dashboard creation, Python (pandas) knowledge, Power BI reporting experience."
Senior Data Analyst,RetailPlus,kolkata,"RetailPlus is hiring a Senior Data Analyst for our data team. Required skills: Power BI dashboards, hands-on Python experience, Excel expertise. This is a great opportunity to grow your analytics career."
Business Data Analyst,MarketMinds,MUMBAI,Exciting opportunity for a Business Data Analyst at MarketMinds. Required skills: Excel expertise. Strong analytical and communication skills are a must.
Data Analyst II,AutoParts,Pune,"Join AutoParts as a Data Analyst II and help drive data-informed decisions. Required skills: Python for data analysis, Tableau visualization skills, strong SQL skills, Excel for reporting. Strong analytical and communication skills are a must."
Data Analyst,HealthCorp, Bangalore,"HealthCorp seeks a motivated Data Analyst to support business reporting. Required skills: Power BI dashboards, proficient in SQL, MS Excel proficiency. Candidates should be comfortable working with large datasets."
Associate Data Analyst,RetailPlus,BANGALORE,"Exciting opportunity for a Associate Data Analyst at RetailPlus. Required skills: advanced SQL required, Python for data analysis, Tableau visualization skills, building dashboards in Power BI. Candidates should be comfortable working with large datasets."
Junior Data Analyst,MarketMinds, Hyderabad,Exciting opportunity for a Junior Data Analyst at MarketMinds. Required skills: MS Excel proficiency. This is a great opportunity to grow your analytics career.
Data Analyst II,ShopEasy,PUNE,"Exciting opportunity for a Data Analyst II at ShopEasy. Required skills: advanced SQL required, building dashboards in Power BI, Excel for reporting, experience with Tableau. Strong analytical and communication skills are a must."
Business Data Analyst,MarketMinds,Kolkata,"MarketMinds seeks a motivated Business Data Analyst to support business reporting. Required skills: Excel for reporting, Python for data analysis, experience with Tableau, Power BI reporting experience, SQL and database querying. This is a great opportunity to grow your analytics career."
Associate Data Analyst,HealthCorp,Chennai,"HealthCorp is hiring a Associate Data Analyst for our data team. Required skills: Power BI dashboards, advanced SQL required, hands-on Python experience, Excel for reporting. Candidates should be comfortable working with large datasets."
Data Analyst II,AutoParts,kolkata,"Exciting opportunity for a Data Analyst II at AutoParts. Required skills: Excel expertise, Tableau dashboard creation, Python for data analysis. Strong analytical and communication skills are a must."
Data Analyst,GreenEnergy,Chennai,"Exciting opportunity for a Data Analyst at GreenEnergy. Required skills: building dashboards in Power BI, Python for data analysis, strong SQL skills, experience with Tableau. This is a great opportunity to grow your analytics career."
Data Analyst,HealthCorp,chennai,"Join HealthCorp as a Data Analyst and help drive data-informed decisions. Required skills: SQL and database querying, Power BI dashboards, experience with Tableau. Candidates should be comfortable working with large datasets."
Data Analyst II,DataWorks,Hyderabad,"DataWorks is hiring a Data Analyst II for our data team. Required skills: Power BI dashboards, advanced SQL required, MS Excel proficiency. This is a great opportunity to grow your analytics career."
Senior Data Analyst,MarketMinds,New Delhi,"MarketMinds is hiring a Senior Data Analyst for our data team. Required skills: Excel expertise, Python for data analysis, building dashboards in Power BI. This is a great opportunity to grow your analytics career."
Data Analyst II,RetailPlus,pune,"RetailPlus is hiring a Data Analyst II for our data team. Required skills: proficient in SQL, Power BI reporting experience, Tableau dashboard creation, Excel for reporting. Strong analytical and communication skills are a must."
Business Data Analyst,CloudWave,MUMBAI,"CloudWave seeks a motivated Business Data Analyst to support business reporting. Required skills: strong SQL skills, Power BI reporting experience, advanced Excel skills, Python scripting. Strong analytical and communication skills are a must."
Business Data Analyst,CloudWave,MUMBAI,"We are looking for a Business Data Analyst to join our growing analytics team. Required skills: Python (pandas) knowledge, Excel expertise, Power BI reporting experience, Tableau dashboard creation, proficient in SQL. This is a great opportunity to grow your analytics career."
Data Analyst I,DataWorks,Mumbai,"We are looking for a Data Analyst I to join our growing analytics team. Required skills: Excel for reporting, Python for data analysis, proficient in SQL, Tableau dashboard creation. Candidates should be comfortable working with large datasets."
Senior Data Analyst,AutoParts,Kolkata,"AutoParts seeks a motivated Senior Data Analyst to support business reporting. Required skills: Excel for reporting, Power BI dashboards, Python scripting, SQL and database querying. Candidates should be comfortable working with large datasets."
Senior Data Analyst,,Pune,"We are looking for a Senior Data Analyst to join our growing analytics team. Required skills: Power BI reporting experience, experience with Tableau, advanced Excel skills, hands-on Python experience. Prior experience in a similar role is preferred."
Business Data Analyst,RetailPlus, Bangalore,"Join RetailPlus as a Business Data Analyst and help drive data-informed decisions. Required skills: Python scripting, Tableau visualization skills, Power BI reporting experience, Excel expertise, SQL and database querying. Candidates should be comfortable working with large datasets."
Data Analyst I,SwiftLogistics,kolkata,"SwiftLogistics seeks a motivated Data Analyst I to support business reporting. Required skills: Python for data analysis, experience with Tableau, advanced Excel skills."
Associate Data Analyst,AutoParts,PUNE,"Exciting opportunity for a Associate Data Analyst at AutoParts. Required skills: building dashboards in Power BI, SQL and database querying, Tableau dashboard creation, Excel for reporting, Python (pandas) knowledge. This is a great opportunity to grow your analytics career."
Data Analyst I,MarketMinds,Pune,"MarketMinds seeks a motivated Data Analyst I to support business reporting. Required skills: hands-on Python experience, Tableau visualization skills, proficient in SQL, building dashboards in Power BI, advanced Excel skills. Strong analytical and communication skills are a must."
Junior Data Analyst,DataWorks,kolkata,"DataWorks seeks a motivated Junior Data Analyst to support business reporting. Required skills: experience with Tableau, Excel for reporting, proficient in SQL, Python for data analysis."
Senior Data Analyst,FinEdge,Delhi,"Exciting opportunity for a Senior Data Analyst at FinEdge. Required skills: Excel for reporting, advanced SQL required, Power BI reporting experience, hands-on Python experience."
Business Data Analyst,FinEdge,Kolkata,"FinEdge is hiring a Business Data Analyst for our data team. Required skills: Power BI reporting experience, Tableau dashboard creation, strong SQL skills, Python scripting, MS Excel proficiency. Candidates should be comfortable working with large datasets."
Data Analyst I,PrimeRetail,New Delhi,"Join PrimeRetail as a Data Analyst I and help drive data-informed decisions. Required skills: MS Excel proficiency, Python (pandas) knowledge, advanced SQL required. This is a great opportunity to grow your analytics career."
Data Analyst II,RetailPlus,bangalore,"RetailPlus seeks a motivated Data Analyst II to support business reporting. Required skills: Python scripting, strong SQL skills. Strong analytical and communication skills are a must."
Business Data Analyst,FinEdge,New Delhi,"We are looking for a Business Data Analyst to join our growing analytics team. Required skills: building dashboards in Power BI, Python for data analysis. Strong analytical and communication skills are a must."
Junior Data Analyst,EduTech,kolkata,"Join EduTech as a Junior Data Analyst and help drive data-informed decisions. Required skills: advanced Excel skills, Python scripting, experience with Tableau, Power BI reporting experience, SQL and database querying. Prior experience in a similar role is preferred."
Business Data Analyst,MarketMinds,kolkata,"MarketMinds seeks a motivated Business Data Analyst to support business reporting. Required skills: advanced SQL required, Tableau dashboard creation, Python for data analysis. This is a great opportunity to grow your analytics career."
Associate Data Analyst,CloudWave,Mumbai ,"Join CloudWave as a Associate Data Analyst and help drive data-informed decisions. Required skills: Power BI dashboards, Excel for reporting, Tableau visualization skills. Candidates should be comfortable working with large datasets."
Data Analyst,SwiftLogistics,Mumbai ,"Exciting opportunity for a Data Analyst at SwiftLogistics. Required skills: Tableau visualization skills, strong SQL skills, MS Excel proficiency, Power BI reporting experience, Python scripting."
Data Analyst,DataWorks,Hyderabad,"Join DataWorks as a Data Analyst and help drive data-informed decisions. Required skills: Excel for reporting, hands-on Python experience, strong SQL skills, building dashboards in Power BI, experience with Tableau."
Data Analyst I,MarketMinds,Pune,"MarketMinds seeks a motivated Data Analyst I to support business reporting. Required skills: hands-on Python experience, Tableau visualization skills, proficient in SQL, building dashboards in Power BI, advanced Excel skills. Strong analytical and communication skills are a must."
Junior Data Analyst,EduTech,Chennai,"Join EduTech as a Junior Data Analyst and help drive data-informed decisions. Required skills: Tableau dashboard creation, Power BI reporting experience, Python scripting, advanced SQL required, MS Excel proficiency."
